--
-- PostgreSQL database dump
--

-- Dumped from database version 15.1
-- Dumped by pg_dump version 15.1

SET statement_timeout = 0;
SET lock_timeout = 0;
SET idle_in_transaction_session_timeout = 0;
SET client_encoding = 'UTF8';
SET standard_conforming_strings = on;
SELECT pg_catalog.set_config('search_path', '', false);
SET check_function_bodies = false;
SET xmloption = content;
SET client_min_messages = warning;
SET row_security = off;

SET default_tablespace = '';

SET default_table_access_method = heap;

--
-- Name: buys; Type: TABLE; Schema: public; Owner: postgres
--

CREATE TABLE public.buys (
    id integer NOT NULL,
    userid integer,
    registration date
);


ALTER TABLE public.buys OWNER TO postgres;

--
-- Name: TABLE buys; Type: COMMENT; Schema: public; Owner: postgres
--

COMMENT ON TABLE public.buys IS '╨Я╨╛╨║╤Г╨┐╨║╨╕ ╨▓╤Б╨╡╤Е Users';


--
-- Name: buys_id_seq; Type: SEQUENCE; Schema: public; Owner: postgres
--

ALTER TABLE public.buys ALTER COLUMN id ADD GENERATED BY DEFAULT AS IDENTITY (
    SEQUENCE NAME public.buys_id_seq
    START WITH 1
    INCREMENT BY 1
    NO MINVALUE
    NO MAXVALUE
    CACHE 1
);


--
-- Name: categorys; Type: TABLE; Schema: public; Owner: postgres
--

CREATE TABLE public.categorys (
    id integer NOT NULL,
    title text
);


ALTER TABLE public.categorys OWNER TO postgres;

--
-- Name: TABLE categorys; Type: COMMENT; Schema: public; Owner: postgres
--

COMMENT ON TABLE public.categorys IS '╨Ъ╨░╤В╨╡╨│╨╛╤А╨╕╨╕ ╤В╨╛╨▓╨░╤А╨╛╨▓';


--
-- Name: categorys_id_seq; Type: SEQUENCE; Schema: public; Owner: postgres
--

ALTER TABLE public.categorys ALTER COLUMN id ADD GENERATED BY DEFAULT AS IDENTITY (
    SEQUENCE NAME public.categorys_id_seq
    START WITH 1
    INCREMENT BY 1
    NO MINVALUE
    NO MAXVALUE
    CACHE 1
);


--
-- Name: products; Type: TABLE; Schema: public; Owner: postgres
--

CREATE TABLE public.products (
    id integer NOT NULL,
    title text,
    brand text,
    price double precision,
    categoryid integer,
    size double precision,
    characteristic text,
    color text
);


ALTER TABLE public.products OWNER TO postgres;

--
-- Name: TABLE products; Type: COMMENT; Schema: public; Owner: postgres
--

COMMENT ON TABLE public.products IS '╨Я╤А╨░╨╣╤Б-╨╗╨╕╤Б╤В ╤В╨╛╨▓╨░╤А╨╛╨▓';


--
-- Name: products_id_seq; Type: SEQUENCE; Schema: public; Owner: postgres
--

ALTER TABLE public.products ALTER COLUMN id ADD GENERATED BY DEFAULT AS IDENTITY (
    SEQUENCE NAME public.products_id_seq
    START WITH 1
    INCREMENT BY 1
    NO MINVALUE
    NO MAXVALUE
    CACHE 1
);


--
-- Name: receipts; Type: TABLE; Schema: public; Owner: postgres
--

CREATE TABLE public.receipts (
    id integer NOT NULL,
    buyid integer,
    productid integer,
    count integer
);


ALTER TABLE public.receipts OWNER TO postgres;

--
-- Name: TABLE receipts; Type: COMMENT; Schema: public; Owner: postgres
--

COMMENT ON TABLE public.receipts IS '╨в╨░╨▒╨╗╨╕╤Ж╨░-╤Б╨▓╤П╨╖╤М: ╨Ъ╨╛╨╗╨╕╤З╨╡╤Б╤В╨▓╨╛ ╨║╨░╨╢╨┤╨╛╨╣ ╨┐╨╛╨╖╨╕╤Ж╨╕╨╕(╨┐╨╛╨║╤Г╨┐╨║╨╕) ╨╕ ╨╡╨╡ ╨┤╨░╨╜╨╜╤Л╨╡';


--
-- Name: receipts_id_seq; Type: SEQUENCE; Schema: public; Owner: postgres
--

ALTER TABLE public.receipts ALTER COLUMN id ADD GENERATED BY DEFAULT AS IDENTITY (
    SEQUENCE NAME public.receipts_id_seq
    START WITH 1
    INCREMENT BY 1
    NO MINVALUE
    NO MAXVALUE
    CACHE 1
);


--
-- Name: users; Type: TABLE; Schema: public; Owner: postgres
--

CREATE TABLE public.users (
    id integer NOT NULL,
    firstname text,
    surname text,
    login text,
    passwd text,
    registration date,
    city text,
    country text,
    phone text,
    email text,
    isblock integer,
    isadmin integer,
    role text,
    status text
);


ALTER TABLE public.users OWNER TO postgres;

--
-- Name: TABLE users; Type: COMMENT; Schema: public; Owner: postgres
--

COMMENT ON TABLE public.users IS '╨Ъ╨╗╨╕╨╡╨╜╤В╤Л ╨╕ ╨░╨┤╨╝╨╕╨╜╤Л';


--
-- Name: users_id_seq; Type: SEQUENCE; Schema: public; Owner: postgres
--

ALTER TABLE public.users ALTER COLUMN id ADD GENERATED BY DEFAULT AS IDENTITY (
    SEQUENCE NAME public.users_id_seq
    START WITH 1
    INCREMENT BY 1
    NO MINVALUE
    NO MAXVALUE
    CACHE 1
);


--
-- Data for Name: buys; Type: TABLE DATA; Schema: public; Owner: postgres
--

COPY public.buys (id, userid, registration) FROM stdin;
1	1	2023-01-21
2	1	2023-01-21
3	3	2023-01-21
4	4	2023-01-21
\.


--
-- Data for Name: categorys; Type: TABLE DATA; Schema: public; Owner: postgres
--

COPY public.categorys (id, title) FROM stdin;
1	╨а╨░╨║╨╡╤В╨║╨╕
2	╨Ь╤П╤З╨╕
3	╨Ъ╤А╨╛╤Б╤Б╨╛╨▓╨║╨╕
4	╨Ъ╨╡╨┤╤Л
5	╨Ъ╤Г╤А╤В╨║╨╕
6	╨Ъ╨╛╤Б╤В╤О╨╝╤Л
7	╨а╤О╨║╨╖╨░╨║╨╕
8	╨б╤Г╨╝╨║╨╕
\.


--
-- Data for Name: products; Type: TABLE DATA; Schema: public; Owner: postgres
--

COPY public.products (id, title, brand, price, categoryid, size, characteristic, color) FROM stdin;
1	╨а╨░╨║╨╡╤В╨║╨░ ╤В╨╡╨╜╨╜╨╕╤Б╨╜╨░╤П	Wilson	25000	1	65	300.0 ╨│╤А.	red
2	╨а╨░╨║╨╡╤В╨║╨░ ╤В╨╡╨╜╨╜╨╕╤Б╨╜╨░╤П	Solinco	14000	1	68	310.0 ╨│╤А.	yellow
3	╨а╨░╨║╨╡╤В╨║╨░ ╤В╨╡╨╜╨╜╨╕╤Б╨╜╨░╤П	Yonex	29000	1	70	270.0 ╨│╤А.	black
4	╨Ь╤П╤З ╤Д╤Г╤В╨▒╨╛╨╗╤М╨╜╤Л╨╣	Jogel	2500	2	65	400.0 ╨│╤А.	white
5	╨Ь╤П╤З ╤Д╤Г╤В╨▒╨╛╨╗╤М╨╜╤Л╨╣	Addidas	16000	2	68.5	430.0 ╨│╤А.	silver
6	╨Ь╤П╤З ╤Д╤Г╤В╨▒╨╛╨╗╤М╨╜╤Л╨╣	Nike	3499	2	70	450.0 ╨│╤А.	green
7	╨Ь╤П╤З ╨▓╨╛╨╗╨╡╨╣╨▒╨╛╨╗╤М╨╜╤Л╨╣	Mikasa	5000	2	5	250.0 ╨│╤А.	yellow-blue
8	╨Ь╤П╤З ╨▓╨╛╨╗╨╡╨╣╨▒╨╛╨╗╤М╨╜╤Л╨╣	Gala	3000	2	4	300.0 ╨│╤А.	white
9	╨Ь╤П╤З ╨▓╨╛╨╗╨╡╨╣╨▒╨╛╨╗╤М╨╜╤Л╨╣	Torres	4700	2	3	250.0 ╨│╤А.	green
10	╨Ъ╤А╨╛╤Б╤Б╨╛╨▓╨║╨╕	Puma	8700	3	41	550.0 ╨│╤А.	purple
11	╨Ъ╤А╨╛╤Б╤Б╨╛╨▓╨║╨╕	Fila	5700	3	45	650.0 ╨│╤А.	blue
12	╨Ъ╤А╨╛╤Б╤Б╨╛╨▓╨║╨╕	Reebok	7700	3	43	450.0 ╨│╤А.	white
13	╨Ъ╤А╨╛╤Б╤Б╨╛╨▓╨║╨╕	Puma	8700	3	36	550.0 ╨│╤А.	purple
14	╨Ъ╤А╨╛╤Б╤Б╨╛╨▓╨║╨╕	Fila	5700	3	38	650.0 ╨│╤А.	blue
15	╨Ъ╤А╨╛╤Б╤Б╨╛╨▓╨║╨╕	Reebok	7700	3	39	450.0 ╨│╤А.	white
16	╨Ъ╨╡╨┤╤Л	Puma	5700	4	36	250.0 ╨│╤А.	white
17	╨Ъ╨╡╨┤╤Л	Fila	2700	4	38	350.0 ╨│╤А.	white
18	╨Ъ╨╡╨┤╤Л	Reebok	4700	4	39	350.0 ╨│╤А.	white
19	╨Ъ╤Г╤А╤В╨║╨░	Adidas	10500	5	48	0	orange
20	╨Ъ╤Г╤А╤В╨║╨░	Puma	15000	5	48.5	0	blue
21	╨Ъ╤Г╤А╤В╨║╨░	Columbia	20700	5	50	0.	blue
22	╨Ъ╤Г╤А╤В╨║╨░	Columbia	10700	5	54	0	green
23	╨Ъ╤Г╤А╤В╨║╨░	Adidas	15700	5	54.5	0	pink
24	╨Ъ╤Г╤А╤В╨║╨░	Puma	20700	5	56	0	blue
25	╨Ъ╨╛╤Б╤В╤О╨╝ ╨╗╤Л╨╢╨╜╤Л╨╣	Columbia	15500	6	48	0	orange
26	╨Ъ╨╛╤Б╤В╤О╨╝ ╨╗╤Л╨╢╨╜╤Л╨╣	Colmar	10000	6	48.5	0	blue
27	╨Ъ╨╛╤Б╤В╤О╨╝ ╨╗╤Л╨╢╨╜╤Л╨╣	Phenix	35700	6	50	0.	blue
28	╨Ъ╨╛╤Б╤В╤О╨╝ ╨╗╤Л╨╢╨╜╤Л╨╣	Columbia	15700	6	48	0	green
29	╨Ъ╨╛╤Б╤В╤О╨╝ ╨╗╤Л╨╢╨╜╤Л╨╣	Colmar	10700	6	50	0	pink
30	╨Ъ╨╛╤Б╤В╤О╨╝ ╨╗╤Л╨╢╨╜╤Л╨╣	Phenix	35700	6	54	0	blue
31	╨а╤О╨║╨╖╨░╨║	Deuter	12500	7	48	20 ╨╗.	green
32	╨а╤О╨║╨╖╨░╨║	Nike	11000	7	48.5	80 ╨╗.	black
33	╨а╤О╨║╨╖╨░╨║	Naturehike	13700	7	50	40 ╨╗.	pink
34	╨б╤Г╨╝╨║╨░	Columbia	2700	7	54	0	orange
35	╨б╤Г╨╝╨║╨░	Adidas	5700	7	54.5	0	pink
36	╨б╤Г╨╝╨║╨░	Puma	1700	7	56	0	blue
\.


--
-- Data for Name: receipts; Type: TABLE DATA; Schema: public; Owner: postgres
--

COPY public.receipts (id, buyid, productid, count) FROM stdin;
1	1	1	1
2	1	2	1
3	2	1	1
4	3	1	1
\.


--
-- Data for Name: users; Type: TABLE DATA; Schema: public; Owner: postgres
--

COPY public.users (id, firstname, surname, login, passwd, registration, city, country, phone, email, isblock, isadmin, role, status) FROM stdin;
1	╨Ш╤А╨╕╨╜╨░	╨в╨╕╤В╨╛╨▓╨░	i1	$2a$12$FTzWmPMTd3UV4xAWPhDhQOxRrKkwHfFRP0.ITfOCfcQ9Qm3i2WCSa	2022-10-12	╨Ъ╤Г╤А╤Б╨║	╨а╨╛╤Б╤Б╨╕╤П	890912345534	i1@mail.ru	0	1	ADMIN	ACTIVE
2	╨Э╨╕╨╜╨░	╨Т╤В╨╛╤А╨░╤П	n2	$2a$12$BrutPcKmeNSgWxPZ5SH8WeY6QIIVQDZAzzXruKPfW.LFy5JUN0zqK	2022-10-12	╨г╨╗╤М╤П╨╜╨╛╨▓╤Б╨║	╨а╨╛╤Б╤Б╨╕╤П	890614234566	n2@mail.ru	0	1	ADMIN	ACTIVE
4	╨Ш╨▓╨░╨╜	╨Ф╤Г╤А╨╛╨▓	iv4	$2a$12$OKoSVC0aNO/DUVyj5QAbKu2toeGytNVi1Zh/XHKID/5t5uQ2QFJE6	2022-01-12	╨г╨╗╤М╤П╨╜╨╛╨▓╤Б╨║	╨а╨╛╤Б╤Б╨╕╤П	890614234566	iv4@mail.ru	0	0	CLIENT	ACTIVE
3	╨Ш╨▓╨░╨╜	╨Я╨╡╤В╤А╨╛╨▓	iv3	$2a$12$r74vnYszzR1ystFvaCMlHeKwd5NIbCXPY30ejON4CDiQ/UCqM9N3e	2022-10-12	╨г╨╗╤М╤П╨╜╨╛╨▓╤Б╨║	╨а╨╛╤Б╤Б╨╕╤П	890614234566	iv3@mail.ru	0	0	CLIENT	ACTIVE
6	╨Ю╨╗╤П	╨С╨╛╨│╨░╤В╨╛╨▓╨░	i25	555	2022-10-12	╨г╨╗╤М╤П╨╜╨╛╨▓╤Б╨║	╨а╨╛╤Б╤Б╨╕╤П	890614234566	i25@mail.ru	0	1	\N	\N
\.


--
-- Name: buys_id_seq; Type: SEQUENCE SET; Schema: public; Owner: postgres
--

SELECT pg_catalog.setval('public.buys_id_seq', 1, false);


--
-- Name: categorys_id_seq; Type: SEQUENCE SET; Schema: public; Owner: postgres
--

SELECT pg_catalog.setval('public.categorys_id_seq', 8, true);


--
-- Name: products_id_seq; Type: SEQUENCE SET; Schema: public; Owner: postgres
--

SELECT pg_catalog.setval('public.products_id_seq', 36, true);


--
-- Name: receipts_id_seq; Type: SEQUENCE SET; Schema: public; Owner: postgres
--

SELECT pg_catalog.setval('public.receipts_id_seq', 1, false);


--
-- Name: users_id_seq; Type: SEQUENCE SET; Schema: public; Owner: postgres
--

SELECT pg_catalog.setval('public.users_id_seq', 6, true);


--
-- Name: buys buys_pkey; Type: CONSTRAINT; Schema: public; Owner: postgres
--

ALTER TABLE ONLY public.buys
    ADD CONSTRAINT buys_pkey PRIMARY KEY (id);


--
-- Name: categorys categorys_pkey; Type: CONSTRAINT; Schema: public; Owner: postgres
--

ALTER TABLE ONLY public.categorys
    ADD CONSTRAINT categorys_pkey PRIMARY KEY (id);


--
-- Name: products products_pkey; Type: CONSTRAINT; Schema: public; Owner: postgres
--

ALTER TABLE ONLY public.products
    ADD CONSTRAINT products_pkey PRIMARY KEY (id);


--
-- Name: receipts receipts_pkey; Type: CONSTRAINT; Schema: public; Owner: postgres
--

ALTER TABLE ONLY public.receipts
    ADD CONSTRAINT receipts_pkey PRIMARY KEY (id);


--
-- Name: users users_pkey; Type: CONSTRAINT; Schema: public; Owner: postgres
--

ALTER TABLE ONLY public.users
    ADD CONSTRAINT users_pkey PRIMARY KEY (id);


--
-- Name: buys buys_userid_fkey; Type: FK CONSTRAINT; Schema: public; Owner: postgres
--

ALTER TABLE ONLY public.buys
    ADD CONSTRAINT buys_userid_fkey FOREIGN KEY (userid) REFERENCES public.users(id);


--
-- Name: products products_categoryid_fkey; Type: FK CONSTRAINT; Schema: public; Owner: postgres
--

ALTER TABLE ONLY public.products
    ADD CONSTRAINT products_categoryid_fkey FOREIGN KEY (categoryid) REFERENCES public.categorys(id);


--
-- Name: receipts receipts_buyid_fkey; Type: FK CONSTRAINT; Schema: public; Owner: postgres
--

ALTER TABLE ONLY public.receipts
    ADD CONSTRAINT receipts_buyid_fkey FOREIGN KEY (buyid) REFERENCES public.buys(id);


--
-- Name: receipts receipts_productid_fkey; Type: FK CONSTRAINT; Schema: public; Owner: postgres
--

ALTER TABLE ONLY public.receipts
    ADD CONSTRAINT receipts_productid_fkey FOREIGN KEY (productid) REFERENCES public.products(id);


--
-- PostgreSQL database dump complete
--

